{"version": 1, "notes": "", "documentation": "\"This file is a QMK Configurator export. You can import this at <https://config.qmk.fm>. It can also be used directly with QMK's source code.\n\nTo setup your QMK environment check out the tutorial: <https://docs.qmk.fm/#/newbs>\n\nYou can convert this file to a keymap.c using this command: `qmk json2c {keymap}`\n\nYou can compile this keymap using this command: `qmk compile {keymap}`\"\n", "keyboard": "keebio/iris/rev4", "keymap": "iris_keymap_horror", "layout": "LAYOUT", "layers": [["KC_ESC", "KC_1", "KC_2", "KC_3", "KC_4", "KC_5", "KC_6", "KC_7", "KC_8", "KC_9", "KC_0", "KC_BSPC", "KC_TAB", "KC_Q", "KC_W", "KC_F", "KC_P", "KC_B", "KC_J", "KC_L", "KC_U", "KC_Y", "KC_SCLN", "KC_DEL", "KC_LSFT", "KC_A", "KC_R", "KC_S", "KC_T", "KC_G", "KC_M", "KC_N", "KC_E", "KC_I", "KC_O", "KC_RSFT", "KC_LCTL", "KC_Z", "KC_X", "KC_C", "KC_D", "KC_V", "KC_LALT", "KC_RGUI", "KC_K", "KC_H", "KC_COMM", "KC_DOT", "KC_SLSH", "KC_QUOT", "KC_LSFT", "MO(1)", "KC_SPC", "KC_ENT", "KC_BSPC", "KC_BSPC"], ["KC_TILD", "KC_F1", "KC_F2", "KC_F3", "KC_F4", "KC_F5", "KC_F6", "KC_F7", "KC_F8", "KC_F9", "KC_F10", "KC_F11", "KC_NO", "KC_BTN1", "KC_BTN2", "KC_BTN3", "KC_4", "KC_LPRN", "KC_RPRN", "KC_P7", "KC_P8", "KC_P9", "KC_PAST", "KC_PSLS", "KC_NO", "KC_LEFT", "KC_DOWN", "KC_UP", "KC_RGHT", "KC_LBRC", "KC_RBRC", "KC_P4", "KC_P5", "KC_P6", "KC_PMNS", "KC_HOME", "KC_NO", "KC_MS_L", "KC_MS_D", "KC_MS_U", "KC_MS_R", "KC_LCBR", "KC_LALT", "KC_RGUI", "KC_RCBR", "KC_P1", "KC_P2", "KC_P3", "KC_PPLS", "KC_END", "KC_LSFT", "KC_TRNS", "KC_SPC", "KC_ENT", "KC_PDOT", "KC_P0"], ["KC_F12", "KC_F1", "KC_F2", "KC_F3", "KC_F4", "KC_F5", "KC_F6", "KC_F7", "KC_F8", "KC_F9", "KC_F10", "KC_F11", "RGB_TOG", "KC_EXLM", "KC_AT", "KC_HASH", "KC_DLR", "KC_PERC", "KC_CIRC", "KC_AMPR", "KC_ASTR", "KC_LPRN", "KC_RPRN", "KC_TRNS", "RGB_MOD", "KC_MPRV", "KC_MNXT", "KC_VOLU", "KC_PGUP", "KC_UNDS", "KC_EQL", "KC_HOME", "RGB_HUI", "RGB_SAI", "RGB_VAI", "KC_TRNS", "KC_MUTE", "KC_MSTP", "KC_MPLY", "KC_VOLD", "KC_PGDN", "KC_MINS", "KC_LPRN", "KC_TRNS", "KC_PLUS", "KC_END", "RGB_HUD", "RGB_SAD", "RGB_VAD", "KC_TRNS", "KC_TRNS", "MO(3)", "KC_TRNS", "KC_TRNS", "KC_TRNS", "KC_TRNS"]]}
